,degree,sum,mean,median,min,max
0,BACHELORS,22016666,125.45466252599789,122,35,294
1,DOCTORAL,23759969,135.49097866128352,132,45,301
2,HIGH_SCHOOL,24152749,101.92108450258466,99,18,260
3,MASTERS,22878945,130.50564713935316,127,38,301
4,NONE,23253489,98.17688186343428,95,17,254
