,industry,sum,mean,median,min,max
0,AUTO,15642780,109.43522152496485,108,25,264
1,EDUCATION,14203119,99.44838571898697,98,17,253
2,FINANCE,18679395,130.747658645164,128,36,294
3,HEALTH,16521827,115.7355399110364,114,28,275
4,OIL,18696283,130.95386285634237,128,37,301
5,SERVICE,14898190,104.44682029458984,103,22,256
6,WEB,17420224,121.6453615446388,119,31,290
