,major,sum,mean,median,min,max
0,BIOLOGY,7468581,127.9326641429281,125,35,285
1,BUSINESS,7937907,135.64897980108685,132,40,294
2,CHEMISTRY,7599119,129.07208492569004,126,40,282
3,COMPSCI,7710838,132.0756054948443,129,41,286
4,ENGINEERING,8111832,138.4413421169403,135,41,301
5,LITERATURE,7301645,124.42309658509986,122,37,271
6,MATH,7706014,133.32204152249136,130,39,280
7,NONE,54610828,102.58386446587133,100,17,270
8,PHYSICS,7615054,130.37243622667353,127,38,293
